{
    "average_similarity_score": 0.6069278628869428,
    "average_context_recall": 0.4094648565035303,
    "max_similarity_score": 0.9576774695413222,
    "min_similarity_score": 0.11701021395870802,
    "std_similarity_score": 0.20869874877690614,
    "exact_match_count": 0
}